{"RuleTriggered": 0, "Violations": 0, "Details": {"algo-1": {"workloads": {"gpu0": [1752, 155, 84, 87, 73, 79, 74, 77, 63, 57, 73, 66, 62, 57, 60, 55, 63, 67, 73, 51, 137, 183, 694, 4, 0, 0, 0, 0, 0, 0, 0, 0, 0, 0, 0, 0, 0, 0, 0, 0, 0, 0, 0, 0, 0, 0, 0, 0, 0]}}, "algo-2": {"workloads": {"gpu0": [1480, 162, 83, 84, 76, 72, 75, 93, 76, 65, 86, 82, 50, 70, 63, 64, 81, 71, 79, 88, 141, 237, 763, 5, 0, 0, 0, 0, 0, 0, 0, 0, 0, 0, 0, 0, 0, 0, 0, 0, 0, 0, 0, 0, 0, 0, 0, 0, 0]}}}, "Datapoints": 4146, "RuleParameters": "threshold:0.2\npatience:1000"}