{"RuleTriggered": 54, "Violations": 54, "Details": {"algo-1": {"gpu0": {"gpu_max": 47.0, "gpu_95": 44.049999999999955, "gpu_5": 0.0, "p25": 0.0, "p50": 7.0, "p75": 39.0, "p95": 45.0, "upper": 47.0, "lower": 0.0}}, "last_timestamp": 1683580440000000, "algo-2": {"gpu0": {"gpu_max": 46.0, "gpu_95": 45.0, "gpu_5": 0.0, "p25": 0.0, "p50": 14.0, "p75": 41.0, "p95": 45.0, "upper": 46.0, "lower": 0.0}}}, "Datapoints": 4146, "RuleParameters": "threshold_p95:70\nthreshold_p5:10\nwindow:500\npatience:1000"}