{"RuleTriggered": 0, "Violations": 0, "Details": {"Network": {"algo-1": {"max": 90964126.39, "p99": 0, "p95": 0, "p50": 0, "min": 0}, "algo-2": {"max": 91814571.37, "p99": 0, "p95": 0, "p50": 0, "min": 0}}, "GPU": {"algo-1": {"max": 47.0, "p99": 45.0, "p95": 45.0, "p50": 7.0, "min": 0}, "algo-2": {"max": 46.0, "p99": 45.0, "p95": 45.0, "p50": 14.0, "min": 0}}, "CPU": {"algo-1": {"max": 99.51, "p99": 96.04, "p95": 74.43, "p50": 36.5, "min": 0}, "algo-2": {"max": 100.0, "p99": 96.57, "p95": 73.71, "p50": 36.86, "min": 2.49}}, "CPU memory": {"algo-1": {"max": 30.83, "p99": 29.24, "p95": 28.71, "p50": 28.37, "min": 4.05}, "algo-2": {"max": 31.03, "p99": 29.33, "p95": 28.59, "p50": 28.18, "min": 4.05}}, "GPU memory": {"algo-1": {"max": 44.0, "p99": 42.0, "p95": 40.0, "p50": 5.0, "min": 0}, "algo-2": {"max": 44.0, "p99": 43.0, "p95": 41.0, "p50": 13.0, "min": 0}}, "I/O": {"algo-1": {"max": 86.85, "p99": 28.95, "p95": 15.66, "p50": 0, "min": 0}, "algo-2": {"max": 92.87, "p99": 29.17, "p95": 16.04, "p50": 0, "min": 0}}}, "Datapoints": 4145, "RuleParameters": ""}